,location,Year,Value
0,Africa: Students from Cape Verde,2015,1.0
1,Africa: Students from Cape Verde,2016,
2,Africa: Students from Cape Verde,2017,
3,Africa: Students from Cape Verde,2018,
4,Africa: Students from Cape Verde,2019,
5,Africa: Students from Cape Verde,2020,
6,Africa: Students from Liberia,2015,12.0
7,Africa: Students from Liberia,2016,15.0
8,Africa: Students from Liberia,2017,16.0
9,Africa: Students from Liberia,2018,28.0
10,Africa: Students from Liberia,2019,42.0
11,Africa: Students from Liberia,2020,53.0
12,Africa: Students from Côte d'Ivoire,2015,52.0
13,Africa: Students from Côte d'Ivoire,2016,46.0
14,Africa: Students from Côte d'Ivoire,2017,54.0
15,Africa: Students from Côte d'Ivoire,2018,67.0
16,Africa: Students from Côte d'Ivoire,2019,87.0
17,Africa: Students from Côte d'Ivoire,2020,122.0
18,Africa: Students from Algeria,2015,110.0
19,Africa: Students from Algeria,2016,67.0
20,Africa: Students from Algeria,2017,81.0
21,Africa: Students from Algeria,2018,157.0
22,Africa: Students from Algeria,2019,281.0
23,Africa: Students from Algeria,2020,522.0
24,Africa: Students from Gabon,2015,33.0
25,Africa: Students from Gabon,2016,31.0
26,Africa: Students from Gabon,2017,20.0
27,Africa: Students from Gabon,2018,11.0
28,Africa: Students from Gabon,2019,8.0
29,Africa: Students from Gabon,2020,4.0
30,Africa: Students from Kenya,2015,95.0
31,Africa: Students from Kenya,2016,94.0
32,Africa: Students from Kenya,2017,80.0
33,Africa: Students from Kenya,2018,91.0
34,Africa: Students from Kenya,2019,107.0
35,Africa: Students from Kenya,2020,116.0
36,Africa: Students from Eritrea,2015,12.0
37,Africa: Students from Eritrea,2016,9.0
38,Africa: Students from Eritrea,2017,9.0
39,Africa: Students from Eritrea,2018,9.0
40,Africa: Students from Eritrea,2019,6.0
41,Africa: Students from Eritrea,2020,8.0
42,Africa: Students from Burundi,2015,
43,Africa: Students from Burundi,2016,
44,Africa: Students from Burundi,2017,
45,Africa: Students from Burundi,2018,
46,Africa: Students from Burundi,2019,
47,Africa: Students from Burundi,2020,
48,Africa: Students from Burkina Faso,2015,4.0
49,Africa: Students from Burkina Faso,2016,6.0
50,Africa: Students from Burkina Faso,2017,6.0
51,Africa: Students from Burkina Faso,2018,11.0
52,Africa: Students from Burkina Faso,2019,13.0
53,Africa: Students from Burkina Faso,2020,12.0
54,Africa: Students from Guinea-Bissau,2015,3.0
55,Africa: Students from Guinea-Bissau,2016,3.0
56,Africa: Students from Guinea-Bissau,2017,2.0
57,Africa: Students from Guinea-Bissau,2018,2.0
58,Africa: Students from Guinea-Bissau,2019,1.0
59,Africa: Students from Guinea-Bissau,2020,
60,Africa: Students from Chad,2015,3.0
61,Africa: Students from Chad,2016,1.0
62,Africa: Students from Chad,2017,
63,Africa: Students from Chad,2018,
64,Africa: Students from Chad,2019,4.0
65,Africa: Students from Chad,2020,1.0
66,Africa: Students from Madagascar,2015,24.0
67,Africa: Students from Madagascar,2016,22.0
68,Africa: Students from Madagascar,2017,22.0
69,Africa: Students from Madagascar,2018,17.0
70,Africa: Students from Madagascar,2019,13.0
71,Africa: Students from Madagascar,2020,10.0
72,Africa: Students from Equatorial Guinea,2015,33.0
73,Africa: Students from Equatorial Guinea,2016,24.0
74,Africa: Students from Equatorial Guinea,2017,21.0
75,Africa: Students from Equatorial Guinea,2018,16.0
76,Africa: Students from Equatorial Guinea,2019,8.0
77,Africa: Students from Equatorial Guinea,2020,11.0
78,Africa: Students from Ghana,2015,715.0
79,Africa: Students from Ghana,2016,887.0
80,Africa: Students from Ghana,2017,1000.0
81,Africa: Students from Ghana,2018,1246.0
82,Africa: Students from Ghana,2019,1522.0
83,Africa: Students from Ghana,2020,1394.0
84,Africa: Students from Djibouti,2015,1.0
85,Africa: Students from Djibouti,2016,
86,Africa: Students from Djibouti,2017,
87,Africa: Students from Djibouti,2018,
88,Africa: Students from Djibouti,2019,1.0
89,Africa: Students from Djibouti,2020,
90,Africa: Students from Benin,2015,5.0
91,Africa: Students from Benin,2016,1.0
92,Africa: Students from Benin,2017,1.0
93,Africa: Students from Benin,2018,1.0
94,Africa: Students from Benin,2019,2.0
95,Africa: Students from Benin,2020,4.0
96,Africa: Students from Cameroon,2015,368.0
97,Africa: Students from Cameroon,2016,304.0
98,Africa: Students from Cameroon,2017,271.0
99,Africa: Students from Cameroon,2018,237.0
100,Africa: Students from Cameroon,2019,249.0
101,Africa: Students from Cameroon,2020,316.0
102,Africa: Students from the Democratic Republic of the Congo,2015,278.0
103,Africa: Students from the Democratic Republic of the Congo,2016,234.0
104,Africa: Students from the Democratic Republic of the Congo,2017,179.0
105,Africa: Students from the Democratic Republic of the Congo,2018,176.0
106,Africa: Students from the Democratic Republic of the Congo,2019,174.0
107,Africa: Students from the Democratic Republic of the Congo,2020,205.0
108,Africa: Students from Lesotho,2015,2.0
109,Africa: Students from Lesotho,2016,3.0
110,Africa: Students from Lesotho,2017,3.0
111,Africa: Students from Lesotho,2018,2.0
112,Africa: Students from Lesotho,2019,3.0
113,Africa: Students from Lesotho,2020,3.0
114,Africa: Students from Ethiopia,2015,20.0
115,Africa: Students from Ethiopia,2016,8.0
116,Africa: Students from Ethiopia,2017,8.0
117,Africa: Students from Ethiopia,2018,5.0
118,Africa: Students from Ethiopia,2019,14.0
119,Africa: Students from Ethiopia,2020,36.0
120,Africa: Students from the Congo,2015,389.0
121,Africa: Students from the Congo,2016,359.0
122,Africa: Students from the Congo,2017,367.0
123,Africa: Students from the Congo,2018,348.0
124,Africa: Students from the Congo,2019,268.0
125,Africa: Students from the Congo,2020,207.0
126,Africa: Students from Comoros,2015,3.0
127,Africa: Students from Comoros,2016,1.0
128,Africa: Students from Comoros,2017,1.0
129,Africa: Students from Comoros,2018,2.0
130,Africa: Students from Comoros,2019,10.0
131,Africa: Students from Comoros,2020,
132,Africa: Students from Botswana,2015,8.0
133,Africa: Students from Botswana,2016,10.0
134,Africa: Students from Botswana,2017,8.0
135,Africa: Students from Botswana,2018,8.0
136,Africa: Students from Botswana,2019,7.0
137,Africa: Students from Botswana,2020,3.0
138,Africa: Students from Guinea,2015,68.0
139,Africa: Students from Guinea,2016,51.0
140,Africa: Students from Guinea,2017,50.0
141,Africa: Students from Guinea,2018,46.0
142,Africa: Students from Guinea,2019,61.0
143,Africa: Students from Guinea,2020,76.0
144,Africa: Students from Angola,2015,447.0
145,Africa: Students from Angola,2016,450.0
146,Africa: Students from Angola,2017,382.0
147,Africa: Students from Angola,2018,314.0
148,Africa: Students from Angola,2019,219.0
149,Africa: Students from Angola,2020,168.0
150,Africa: Students from Libya,2015,198.0
151,Africa: Students from Libya,2016,264.0
152,Africa: Students from Libya,2017,366.0
153,Africa: Students from Libya,2018,464.0
154,Africa: Students from Libya,2019,468.0
155,Africa: Students from Libya,2020,469.0
156,Africa: Students from Egypt,2015,259.0
157,Africa: Students from Egypt,2016,546.0
158,Africa: Students from Egypt,2017,1145.0
159,Africa: Students from Egypt,2018,1887.0
160,Africa: Students from Egypt,2019,2632.0
161,Africa: Students from Egypt,2020,2849.0
162,Africa: Students from the Central African Republic,2015,
163,Africa: Students from the Central African Republic,2016,
164,Africa: Students from the Central African Republic,2017,
165,Africa: Students from the Central African Republic,2018,
166,Africa: Students from the Central African Republic,2019,
167,Africa: Students from the Central African Republic,2020,1.0
168,Africa: Students from the Gambia,2015,4.0
169,Africa: Students from the Gambia,2016,5.0
170,Africa: Students from the Gambia,2017,11.0
171,Africa: Students from the Gambia,2018,27.0
172,Africa: Students from the Gambia,2019,47.0
173,Africa: Students from the Gambia,2020,60.0
174,Caribbean and Central America: Students from Nicaragua,2015,
175,Caribbean and Central America: Students from Nicaragua,2016,
176,Caribbean and Central America: Students from Nicaragua,2017,
177,Caribbean and Central America: Students from Nicaragua,2018,
178,Caribbean and Central America: Students from Nicaragua,2019,
179,Caribbean and Central America: Students from Nicaragua,2020,1.0
180,Caribbean and Central America: Students from Cuba,2015,3.0
181,Caribbean and Central America: Students from Cuba,2016,4.0
182,Caribbean and Central America: Students from Cuba,2017,4.0
183,Caribbean and Central America: Students from Cuba,2018,2.0
184,Caribbean and Central America: Students from Cuba,2019,1.0
185,Caribbean and Central America: Students from Cuba,2020,1.0
186,Africa: Students from Mauritania,2015,3.0
187,Africa: Students from Mauritania,2016,1.0
188,Africa: Students from Mauritania,2017,1.0
189,Africa: Students from Mauritania,2018,5.0
190,Africa: Students from Mauritania,2019,19.0
191,Africa: Students from Mauritania,2020,33.0
192,South America: Students from Colombia,2015,3.0
193,South America: Students from Colombia,2016,7.0
194,South America: Students from Colombia,2017,6.0
195,South America: Students from Colombia,2018,9.0
196,South America: Students from Colombia,2019,13.0
197,South America: Students from Colombia,2020,13.0
198,South America: Students from Guyana,2015,
199,South America: Students from Guyana,2016,
200,South America: Students from Guyana,2017,
201,South America: Students from Guyana,2018,
202,South America: Students from Guyana,2019,
203,South America: Students from Guyana,2020,
204,Caribbean and Central America: Students from Saint Kitts and Nevis,2015,
205,Caribbean and Central America: Students from Saint Kitts and Nevis,2016,
206,Caribbean and Central America: Students from Saint Kitts and Nevis,2017,
207,Caribbean and Central America: Students from Saint Kitts and Nevis,2018,
208,Caribbean and Central America: Students from Saint Kitts and Nevis,2019,
209,Caribbean and Central America: Students from Saint Kitts and Nevis,2020,
210,North America: Students from Canada,2015,46.0
211,North America: Students from Canada,2016,38.0
212,North America: Students from Canada,2017,61.0
213,North America: Students from Canada,2018,44.0
214,North America: Students from Canada,2019,44.0
215,North America: Students from Canada,2020,52.0
216,Africa: Students from Niger,2015,2.0
217,Africa: Students from Niger,2016,2.0
218,Africa: Students from Niger,2017,22.0
219,Africa: Students from Niger,2018,3.0
220,Africa: Students from Niger,2019,1.0
221,Africa: Students from Niger,2020,4.0
222,Africa: Students from Rwanda,2015,13.0
223,Africa: Students from Rwanda,2016,11.0
224,Africa: Students from Rwanda,2017,9.0
225,Africa: Students from Rwanda,2018,11.0
226,Africa: Students from Rwanda,2019,11.0
227,Africa: Students from Rwanda,2020,39.0
228,Africa: Students from Tunisia,2015,479.0
229,Africa: Students from Tunisia,2016,439.0
230,Africa: Students from Tunisia,2017,404.0
231,Africa: Students from Tunisia,2018,442.0
232,Africa: Students from Tunisia,2019,514.0
233,Africa: Students from Tunisia,2020,503.0
234,South America: Students from the Bolivarian Republic of Venezuela,2015,3.0
235,South America: Students from the Bolivarian Republic of Venezuela,2016,2.0
236,South America: Students from the Bolivarian Republic of Venezuela,2017,2.0
237,South America: Students from the Bolivarian Republic of Venezuela,2018,1.0
238,South America: Students from the Bolivarian Republic of Venezuela,2019,
239,South America: Students from the Bolivarian Republic of Venezuela,2020,
240,Caribbean and Central America: Students from Guatemala,2015,
241,Caribbean and Central America: Students from Guatemala,2016,
242,Caribbean and Central America: Students from Guatemala,2017,
243,Caribbean and Central America: Students from Guatemala,2018,
244,Caribbean and Central America: Students from Guatemala,2019,
245,Caribbean and Central America: Students from Guatemala,2020,
246,Caribbean and Central America: Students from Aruba,2015,
247,Caribbean and Central America: Students from Aruba,2016,
248,Caribbean and Central America: Students from Aruba,2017,
249,Caribbean and Central America: Students from Aruba,2018,
250,Caribbean and Central America: Students from Aruba,2019,
251,Caribbean and Central America: Students from Aruba,2020,
252,Caribbean and Central America: Students from Barbados,2015,
253,Caribbean and Central America: Students from Barbados,2016,
254,Caribbean and Central America: Students from Barbados,2017,
255,Caribbean and Central America: Students from Barbados,2018,
256,Caribbean and Central America: Students from Barbados,2019,
257,Caribbean and Central America: Students from Barbados,2020,
258,Africa: Students from Somalia,2015,17.0
259,Africa: Students from Somalia,2016,10.0
260,Africa: Students from Somalia,2017,10.0
261,Africa: Students from Somalia,2018,13.0
262,Africa: Students from Somalia,2019,23.0
263,Africa: Students from Somalia,2020,29.0
264,Africa: Students from unknown countries,2015,
265,Africa: Students from unknown countries,2016,
266,Africa: Students from unknown countries,2017,
267,Africa: Students from unknown countries,2018,
268,Africa: Students from unknown countries,2019,
269,Africa: Students from unknown countries,2020,
270,Caribbean and Central America: Students from Honduras,2015,
271,Caribbean and Central America: Students from Honduras,2016,
272,Caribbean and Central America: Students from Honduras,2017,
273,Caribbean and Central America: Students from Honduras,2018,
274,Caribbean and Central America: Students from Honduras,2019,
275,Caribbean and Central America: Students from Honduras,2020,
276,Caribbean and Central America: Students from Mexico,2015,5.0
277,Caribbean and Central America: Students from Mexico,2016,9.0
278,Caribbean and Central America: Students from Mexico,2017,6.0
279,Caribbean and Central America: Students from Mexico,2018,9.0
280,Caribbean and Central America: Students from Mexico,2019,11.0
281,Caribbean and Central America: Students from Mexico,2020,12.0
282,Caribbean and Central America: Students from the British Virgin Islands,2015,
283,Caribbean and Central America: Students from the British Virgin Islands,2016,
284,Caribbean and Central America: Students from the British Virgin Islands,2017,
285,Caribbean and Central America: Students from the British Virgin Islands,2018,
286,Caribbean and Central America: Students from the British Virgin Islands,2019,2.0
287,Caribbean and Central America: Students from the British Virgin Islands,2020,1.0
288,Africa: Students from Senegal,2015,28.0
289,Africa: Students from Senegal,2016,16.0
290,Africa: Students from Senegal,2017,17.0
291,Africa: Students from Senegal,2018,14.0
292,Africa: Students from Senegal,2019,14.0
293,Africa: Students from Senegal,2020,22.0
294,South America: Students from the Plurinational State of Bolivia,2015,
295,South America: Students from the Plurinational State of Bolivia,2016,
296,South America: Students from the Plurinational State of Bolivia,2017,
297,South America: Students from the Plurinational State of Bolivia,2018,
298,South America: Students from the Plurinational State of Bolivia,2019,
299,South America: Students from the Plurinational State of Bolivia,2020,3.0
300,South America: Students from Uruguay,2015,
301,South America: Students from Uruguay,2016,
302,South America: Students from Uruguay,2017,
303,South America: Students from Uruguay,2018,
304,South America: Students from Uruguay,2019,
305,South America: Students from Uruguay,2020,
306,South America: Students from Chile,2015,1.0
307,South America: Students from Chile,2016,
308,South America: Students from Chile,2017,
309,South America: Students from Chile,2018,
310,South America: Students from Chile,2019,
311,South America: Students from Chile,2020,
312,Africa: Students from Zimbabwe,2015,120.0
313,Africa: Students from Zimbabwe,2016,230.0
314,Africa: Students from Zimbabwe,2017,246.0
315,Africa: Students from Zimbabwe,2018,284.0
316,Africa: Students from Zimbabwe,2019,267.0
317,Africa: Students from Zimbabwe,2020,266.0
318,Africa: Students from Morocco,2015,1978.0
319,Africa: Students from Morocco,2016,2348.0
320,Africa: Students from Morocco,2017,2854.0
321,Africa: Students from Morocco,2018,3538.0
322,Africa: Students from Morocco,2019,4723.0
323,Africa: Students from Morocco,2020,5721.0
324,Africa: Students from Sierra Leone,2015,52.0
325,Africa: Students from Sierra Leone,2016,68.0
326,Africa: Students from Sierra Leone,2017,61.0
327,Africa: Students from Sierra Leone,2018,54.0
328,Africa: Students from Sierra Leone,2019,45.0
329,Africa: Students from Sierra Leone,2020,50.0
330,Africa: Students from Namibia,2015,269.0
331,Africa: Students from Namibia,2016,292.0
332,Africa: Students from Namibia,2017,309.0
333,Africa: Students from Namibia,2018,285.0
334,Africa: Students from Namibia,2019,210.0
335,Africa: Students from Namibia,2020,166.0
336,Caribbean and Central America: Students from Dominican Republic,2015,
337,Caribbean and Central America: Students from Dominican Republic,2016,
338,Caribbean and Central America: Students from Dominican Republic,2017,
339,Caribbean and Central America: Students from Dominican Republic,2018,
340,Caribbean and Central America: Students from Dominican Republic,2019,
341,Caribbean and Central America: Students from Dominican Republic,2020,
342,North America: Students from unknown countries,2015,
343,North America: Students from unknown countries,2016,
344,North America: Students from unknown countries,2017,
345,North America: Students from unknown countries,2018,
346,North America: Students from unknown countries,2019,
347,North America: Students from unknown countries,2020,
348,Caribbean and Central America: Students from Antigua and Barbuda,2015,
349,Caribbean and Central America: Students from Antigua and Barbuda,2016,
350,Caribbean and Central America: Students from Antigua and Barbuda,2017,
351,Caribbean and Central America: Students from Antigua and Barbuda,2018,
352,Caribbean and Central America: Students from Antigua and Barbuda,2019,
353,Caribbean and Central America: Students from Antigua and Barbuda,2020,
354,Africa: Students from the United Republic of Tanzania,2015,101.0
355,Africa: Students from the United Republic of Tanzania,2016,97.0
356,Africa: Students from the United Republic of Tanzania,2017,103.0
357,Africa: Students from the United Republic of Tanzania,2018,109.0
358,Africa: Students from the United Republic of Tanzania,2019,96.0
359,Africa: Students from the United Republic of Tanzania,2020,84.0
360,South America: Students from Peru,2015,10.0
361,South America: Students from Peru,2016,6.0
362,South America: Students from Peru,2017,3.0
363,South America: Students from Peru,2018,3.0
364,South America: Students from Peru,2019,4.0
365,South America: Students from Peru,2020,8.0
366,Caribbean and Central America: Students from Grenada,2015,
367,Caribbean and Central America: Students from Grenada,2016,
368,Caribbean and Central America: Students from Grenada,2017,
369,Caribbean and Central America: Students from Grenada,2018,
370,Caribbean and Central America: Students from Grenada,2019,
371,Caribbean and Central America: Students from Grenada,2020,
372,Caribbean and Central America: Students from Haiti,2015,
373,Caribbean and Central America: Students from Haiti,2016,
374,Caribbean and Central America: Students from Haiti,2017,
375,Caribbean and Central America: Students from Haiti,2018,
376,Caribbean and Central America: Students from Haiti,2019,
377,Caribbean and Central America: Students from Haiti,2020,1.0
378,Caribbean and Central America: Students from the Turks and Caicos Islands,2015,
379,Caribbean and Central America: Students from the Turks and Caicos Islands,2016,
380,Caribbean and Central America: Students from the Turks and Caicos Islands,2017,
381,Caribbean and Central America: Students from the Turks and Caicos Islands,2018,
382,Caribbean and Central America: Students from the Turks and Caicos Islands,2019,
383,Caribbean and Central America: Students from the Turks and Caicos Islands,2020,
384,Caribbean and Central America: Students from Bahamas,2015,
385,Caribbean and Central America: Students from Bahamas,2016,
386,Caribbean and Central America: Students from Bahamas,2017,
387,Caribbean and Central America: Students from Bahamas,2018,
388,Caribbean and Central America: Students from Bahamas,2019,
389,Caribbean and Central America: Students from Bahamas,2020,
390,Africa: Students from Nigeria,2015,3328.0
391,Africa: Students from Nigeria,2016,3252.0
392,Africa: Students from Nigeria,2017,3035.0
393,Africa: Students from Nigeria,2018,2742.0
394,Africa: Students from Nigeria,2019,2882.0
395,Africa: Students from Nigeria,2020,3302.0
396,South America: Students from Paraguay,2015,
397,South America: Students from Paraguay,2016,
398,South America: Students from Paraguay,2017,
399,South America: Students from Paraguay,2018,
400,South America: Students from Paraguay,2019,
401,South America: Students from Paraguay,2020,
402,Africa: Students from Mali,2015,43.0
403,Africa: Students from Mali,2016,40.0
404,Africa: Students from Mali,2017,26.0
405,Africa: Students from Mali,2018,21.0
406,Africa: Students from Mali,2019,9.0
407,Africa: Students from Mali,2020,6.0
408,South America: Students from Argentina,2015,33.0
409,South America: Students from Argentina,2016,
410,South America: Students from Argentina,2017,1.0
411,South America: Students from Argentina,2018,2.0
412,South America: Students from Argentina,2019,3.0
413,South America: Students from Argentina,2020,1.0
414,Africa: Students from Uganda,2015,20.0
415,Africa: Students from Uganda,2016,15.0
416,Africa: Students from Uganda,2017,14.0
417,Africa: Students from Uganda,2018,15.0
418,Africa: Students from Uganda,2019,14.0
419,Africa: Students from Uganda,2020,21.0
420,Africa: Students from South Africa,2015,14.0
421,Africa: Students from South Africa,2016,15.0
422,Africa: Students from South Africa,2017,17.0
423,Africa: Students from South Africa,2018,23.0
424,Africa: Students from South Africa,2019,33.0
425,Africa: Students from South Africa,2020,46.0
426,Africa: Students from Mauritius,2015,8.0
427,Africa: Students from Mauritius,2016,9.0
428,Africa: Students from Mauritius,2017,4.0
429,Africa: Students from Mauritius,2018,5.0
430,Africa: Students from Mauritius,2019,4.0
431,Africa: Students from Mauritius,2020,1.0
432,Caribbean and Central America: Students from Costa Rica,2015,
433,Caribbean and Central America: Students from Costa Rica,2016,
434,Caribbean and Central America: Students from Costa Rica,2017,
435,Caribbean and Central America: Students from Costa Rica,2018,
436,Caribbean and Central America: Students from Costa Rica,2019,1.0
437,Caribbean and Central America: Students from Costa Rica,2020,
438,North America: Students from Bermuda,2015,
439,North America: Students from Bermuda,2016,
440,North America: Students from Bermuda,2017,
441,North America: Students from Bermuda,2018,
442,North America: Students from Bermuda,2019,
443,North America: Students from Bermuda,2020,
444,Africa: Students from Togo,2015,3.0
445,Africa: Students from Togo,2016,5.0
446,Africa: Students from Togo,2017,3.0
447,Africa: Students from Togo,2018,1.0
448,Africa: Students from Togo,2019,1.0
449,Africa: Students from Togo,2020,2.0
450,South America: Students from Ecuador,2015,370.0
451,South America: Students from Ecuador,2016,371.0
452,South America: Students from Ecuador,2017,408.0
453,South America: Students from Ecuador,2018,463.0
454,South America: Students from Ecuador,2019,492.0
455,South America: Students from Ecuador,2020,486.0
456,Caribbean and Central America: Students from Dominica,2015,
457,Caribbean and Central America: Students from Dominica,2016,
458,Caribbean and Central America: Students from Dominica,2017,1.0
459,Caribbean and Central America: Students from Dominica,2018,2.0
460,Caribbean and Central America: Students from Dominica,2019,2.0
461,Caribbean and Central America: Students from Dominica,2020,2.0
462,Caribbean and Central America: Students from Panama,2015,
463,Caribbean and Central America: Students from Panama,2016,
464,Caribbean and Central America: Students from Panama,2017,
465,Caribbean and Central America: Students from Panama,2018,
466,Caribbean and Central America: Students from Panama,2019,
467,Caribbean and Central America: Students from Panama,2020,1.0
468,Caribbean and Central America: Students from Saint Lucia,2015,
469,Caribbean and Central America: Students from Saint Lucia,2016,
470,Caribbean and Central America: Students from Saint Lucia,2017,
471,Caribbean and Central America: Students from Saint Lucia,2018,
472,Caribbean and Central America: Students from Saint Lucia,2019,
473,Caribbean and Central America: Students from Saint Lucia,2020,
474,Caribbean and Central America: Students from El Salvador,2015,
475,Caribbean and Central America: Students from El Salvador,2016,
476,Caribbean and Central America: Students from El Salvador,2017,
477,Caribbean and Central America: Students from El Salvador,2018,
478,Caribbean and Central America: Students from El Salvador,2019,
479,Caribbean and Central America: Students from El Salvador,2020,
480,Africa: Students from Mozambique,2015,
481,Africa: Students from Mozambique,2016,
482,Africa: Students from Mozambique,2017,3.0
483,Africa: Students from Mozambique,2018,2.0
484,Africa: Students from Mozambique,2019,9.0
485,Africa: Students from Mozambique,2020,8.0
486,South America: Students from Suriname,2015,
487,South America: Students from Suriname,2016,
488,South America: Students from Suriname,2017,
489,South America: Students from Suriname,2018,
490,South America: Students from Suriname,2019,
491,South America: Students from Suriname,2020,
492,Caribbean and Central America: Students from Trinidad and Tobago,2015,
493,Caribbean and Central America: Students from Trinidad and Tobago,2016,
494,Caribbean and Central America: Students from Trinidad and Tobago,2017,
495,Caribbean and Central America: Students from Trinidad and Tobago,2018,
496,Caribbean and Central America: Students from Trinidad and Tobago,2019,
497,Caribbean and Central America: Students from Trinidad and Tobago,2020,
498,Africa: Students from Eswatini,2015,13.0
499,Africa: Students from Eswatini,2016,15.0
500,Africa: Students from Eswatini,2017,19.0
501,Africa: Students from Eswatini,2018,26.0
502,Africa: Students from Eswatini,2019,40.0
503,Africa: Students from Eswatini,2020,43.0
504,Africa: Students from Sao Tome and Principe,2015,
505,Africa: Students from Sao Tome and Principe,2016,
506,Africa: Students from Sao Tome and Principe,2017,
507,Africa: Students from Sao Tome and Principe,2018,
508,Africa: Students from Sao Tome and Principe,2019,
509,Africa: Students from Sao Tome and Principe,2020,
510,Africa: Students from Seychelles,2015,1.0
511,Africa: Students from Seychelles,2016,1.0
512,Africa: Students from Seychelles,2017,1.0
513,Africa: Students from Seychelles,2018,1.0
514,Africa: Students from Seychelles,2019,
515,Africa: Students from Seychelles,2020,
516,Africa: Students from Malawi,2015,6.0
517,Africa: Students from Malawi,2016,7.0
518,Africa: Students from Malawi,2017,8.0
519,Africa: Students from Malawi,2018,7.0
520,Africa: Students from Malawi,2019,8.0
521,Africa: Students from Malawi,2020,11.0
522,Caribbean and Central America: Students from Belize,2015,
523,Caribbean and Central America: Students from Belize,2016,
524,Caribbean and Central America: Students from Belize,2017,
525,Caribbean and Central America: Students from Belize,2018,
526,Caribbean and Central America: Students from Belize,2019,
527,Caribbean and Central America: Students from Belize,2020,
528,Caribbean and Central America: Students from Jamaica,2015,7.0
529,Caribbean and Central America: Students from Jamaica,2016,9.0
530,Caribbean and Central America: Students from Jamaica,2017,12.0
531,Caribbean and Central America: Students from Jamaica,2018,13.0
532,Caribbean and Central America: Students from Jamaica,2019,15.0
533,Caribbean and Central America: Students from Jamaica,2020,22.0
534,Africa: Students from Zambia,2015,136.0
535,Africa: Students from Zambia,2016,142.0
536,Africa: Students from Zambia,2017,148.0
537,Africa: Students from Zambia,2018,138.0
538,Africa: Students from Zambia,2019,137.0
539,Africa: Students from Zambia,2020,126.0
540,North America: Students from the United States,2015,256.0
541,North America: Students from the United States,2016,256.0
542,North America: Students from the United States,2017,251.0
543,North America: Students from the United States,2018,255.0
544,North America: Students from the United States,2019,274.0
545,North America: Students from the United States,2020,293.0
546,South America: Students from Brazil,2015,7.0
547,South America: Students from Brazil,2016,5.0
548,South America: Students from Brazil,2017,9.0
549,South America: Students from Brazil,2018,16.0
550,South America: Students from Brazil,2019,35.0
551,South America: Students from Brazil,2020,23.0
552,Asia: Students from Japan,2015,16.0
553,Asia: Students from Japan,2016,9.0
554,Asia: Students from Japan,2017,11.0
555,Asia: Students from Japan,2018,22.0
556,Asia: Students from Japan,2019,23.0
557,Asia: Students from Japan,2020,22.0
558,Asia: Students from Singapore,2015,1.0
559,Asia: Students from Singapore,2016,1.0
560,Asia: Students from Singapore,2017,1.0
561,Asia: Students from Singapore,2018,2.0
562,Asia: Students from Singapore,2019,2.0
563,Asia: Students from Singapore,2020,1.0
564,Asia: Students from unknown countries,2015,2.0
565,Asia: Students from unknown countries,2016,
566,Asia: Students from unknown countries,2017,5.0
567,Asia: Students from unknown countries,2018,4.0
568,Asia: Students from unknown countries,2019,3.0
569,Asia: Students from unknown countries,2020,
570,Asia: Students from the Democratic People's Republic of Korea,2015,68.0
571,Asia: Students from the Democratic People's Republic of Korea,2016,134.0
572,Asia: Students from the Democratic People's Republic of Korea,2017,126.0
573,Asia: Students from the Democratic People's Republic of Korea,2018,26.0
574,Asia: Students from the Democratic People's Republic of Korea,2019,43.0
575,Asia: Students from the Democratic People's Republic of Korea,2020,19.0
576,Asia: Students from Oman,2015,3.0
577,Asia: Students from Oman,2016,2.0
578,Asia: Students from Oman,2017,1.0
579,Asia: Students from Oman,2018,
580,Asia: Students from Oman,2019,
581,Asia: Students from Oman,2020,1.0
582,Asia: Students from Afghanistan,2015,44.0
583,Asia: Students from Afghanistan,2016,40.0
584,Asia: Students from Afghanistan,2017,36.0
585,Asia: Students from Afghanistan,2018,55.0
586,Asia: Students from Afghanistan,2019,54.0
587,Asia: Students from Afghanistan,2020,51.0
588,Europe: Students from Bulgaria,2015,132.0
589,Europe: Students from Bulgaria,2016,114.0
590,Europe: Students from Bulgaria,2017,151.0
591,Europe: Students from Bulgaria,2018,181.0
592,Europe: Students from Bulgaria,2019,221.0
593,Europe: Students from Bulgaria,2020,244.0
594,Europe: Students from Finland,2015,22.0
595,Europe: Students from Finland,2016,32.0
596,Europe: Students from Finland,2017,35.0
597,Europe: Students from Finland,2018,40.0
598,Europe: Students from Finland,2019,55.0
599,Europe: Students from Finland,2020,43.0
600,"Asia: Students from Macao, Special Administrative Region of China",2015,
601,"Asia: Students from Macao, Special Administrative Region of China",2016,
602,"Asia: Students from Macao, Special Administrative Region of China",2017,
603,"Asia: Students from Macao, Special Administrative Region of China",2018,
604,"Asia: Students from Macao, Special Administrative Region of China",2019,
605,"Asia: Students from Macao, Special Administrative Region of China",2020,4.0
606,Asia: Students from Timor-Leste,2015,
607,Asia: Students from Timor-Leste,2016,
608,Asia: Students from Timor-Leste,2017,
609,Asia: Students from Timor-Leste,2018,
610,Asia: Students from Timor-Leste,2019,
611,Asia: Students from Timor-Leste,2020,
612,Europe: Students from Belgium,2015,4.0
613,Europe: Students from Belgium,2016,6.0
614,Europe: Students from Belgium,2017,4.0
615,Europe: Students from Belgium,2018,4.0
616,Europe: Students from Belgium,2019,4.0
617,Europe: Students from Belgium,2020,3.0
618,Asia: Students from the Republic of Korea,2015,41.0
619,Asia: Students from the Republic of Korea,2016,40.0
620,Asia: Students from the Republic of Korea,2017,45.0
621,Asia: Students from the Republic of Korea,2018,27.0
622,Asia: Students from the Republic of Korea,2019,46.0
623,Asia: Students from the Republic of Korea,2020,50.0
624,Asia: Students from Bhutan,2015,
625,Asia: Students from Bhutan,2016,
626,Asia: Students from Bhutan,2017,
627,Asia: Students from Bhutan,2018,
628,Asia: Students from Bhutan,2019,
629,Asia: Students from Bhutan,2020,
630,Asia: Students from Lao People's Democratic Republic,2015,
631,Asia: Students from Lao People's Democratic Republic,2016,
632,Asia: Students from Lao People's Democratic Republic,2017,
633,Asia: Students from Lao People's Democratic Republic,2018,
634,Asia: Students from Lao People's Democratic Republic,2019,
635,Asia: Students from Lao People's Democratic Republic,2020,
636,Europe: Students from the Holy See,2015,
637,Europe: Students from the Holy See,2016,
638,Europe: Students from the Holy See,2017,
639,Europe: Students from the Holy See,2018,
640,Europe: Students from the Holy See,2019,
641,Europe: Students from the Holy See,2020,
642,Asia: Students from Myanmar,2015,2.0
643,Asia: Students from Myanmar,2016,2.0
644,Asia: Students from Myanmar,2017,
645,Asia: Students from Myanmar,2018,
646,Asia: Students from Myanmar,2019,
647,Asia: Students from Myanmar,2020,
648,Asia: Students from Viet Nam,2015,327.0
649,Asia: Students from Viet Nam,2016,279.0
650,Asia: Students from Viet Nam,2017,234.0
651,Asia: Students from Viet Nam,2018,196.0
652,Asia: Students from Viet Nam,2019,128.0
653,Asia: Students from Viet Nam,2020,96.0
654,Asia: Students from Iraq,2015,2611.0
655,Asia: Students from Iraq,2016,2102.0
656,Asia: Students from Iraq,2017,1320.0
657,Asia: Students from Iraq,2018,972.0
658,Asia: Students from Iraq,2019,630.0
659,Asia: Students from Iraq,2020,557.0
660,Asia: Students from the Islamic Republic of Iran,2015,286.0
661,Asia: Students from the Islamic Republic of Iran,2016,235.0
662,Asia: Students from the Islamic Republic of Iran,2017,194.0
663,Asia: Students from the Islamic Republic of Iran,2018,356.0
664,Asia: Students from the Islamic Republic of Iran,2019,1403.0
665,Asia: Students from the Islamic Republic of Iran,2020,1405.0
666,Asia: Students from Uzbekistan,2015,2061.0
667,Asia: Students from Uzbekistan,2016,2049.0
668,Asia: Students from Uzbekistan,2017,2022.0
669,Asia: Students from Uzbekistan,2018,1872.0
670,Asia: Students from Uzbekistan,2019,1498.0
671,Asia: Students from Uzbekistan,2020,1473.0
672,"Asia: Students from Hong Kong, Special Administrative Region of China",2015,
673,"Asia: Students from Hong Kong, Special Administrative Region of China",2016,
674,"Asia: Students from Hong Kong, Special Administrative Region of China",2017,
675,"Asia: Students from Hong Kong, Special Administrative Region of China",2018,
676,"Asia: Students from Hong Kong, Special Administrative Region of China",2019,
677,"Asia: Students from Hong Kong, Special Administrative Region of China",2020,1.0
678,Asia: Students from Mongolia,2015,66.0
679,Asia: Students from Mongolia,2016,58.0
680,Asia: Students from Mongolia,2017,56.0
681,Asia: Students from Mongolia,2018,71.0
682,Asia: Students from Mongolia,2019,56.0
683,Asia: Students from Mongolia,2020,50.0
684,Asia: Students from Azerbaijan,2015,9257.0
685,Asia: Students from Azerbaijan,2016,9734.0
686,Asia: Students from Azerbaijan,2017,8833.0
687,Asia: Students from Azerbaijan,2018,6726.0
688,Asia: Students from Azerbaijan,2019,5474.0
689,Asia: Students from Azerbaijan,2020,4718.0
690,Asia: Students from Kazakhstan,2015,249.0
691,Asia: Students from Kazakhstan,2016,139.0
692,Asia: Students from Kazakhstan,2017,112.0
693,Asia: Students from Kazakhstan,2018,103.0
694,Asia: Students from Kazakhstan,2019,70.0
695,Asia: Students from Kazakhstan,2020,88.0
696,Europe: Students from Greece,2015,31.0
697,Europe: Students from Greece,2016,20.0
698,Europe: Students from Greece,2017,22.0
699,Europe: Students from Greece,2018,19.0
700,Europe: Students from Greece,2019,53.0
701,Europe: Students from Greece,2020,76.0
702,Caribbean and Central America: Students from Saint Vincent and the Grenadines,2015,
703,Caribbean and Central America: Students from Saint Vincent and the Grenadines,2016,
704,Caribbean and Central America: Students from Saint Vincent and the Grenadines,2017,
705,Caribbean and Central America: Students from Saint Vincent and the Grenadines,2018,
706,Caribbean and Central America: Students from Saint Vincent and the Grenadines,2019,
707,Caribbean and Central America: Students from Saint Vincent and the Grenadines,2020,
708,Asia: Students from Qatar,2015,
709,Asia: Students from Qatar,2016,
710,Asia: Students from Qatar,2017,8.0
711,Asia: Students from Qatar,2018,1.0
712,Asia: Students from Qatar,2019,1.0
713,Asia: Students from Qatar,2020,1.0
714,Europe: Students from Belarus,2015,351.0
715,Europe: Students from Belarus,2016,270.0
716,Europe: Students from Belarus,2017,309.0
717,Europe: Students from Belarus,2018,291.0
718,Europe: Students from Belarus,2019,341.0
719,Europe: Students from Belarus,2020,329.0
720,Europe: Students from the Czechia,2015,7.0
721,Europe: Students from the Czechia,2016,8.0
722,Europe: Students from the Czechia,2017,231.0
723,Europe: Students from the Czechia,2018,24.0
724,Europe: Students from the Czechia,2019,9.0
725,Europe: Students from the Czechia,2020,15.0
726,Asia: Students from Cambodia,2015,
727,Asia: Students from Cambodia,2016,
728,Asia: Students from Cambodia,2017,1.0
729,Asia: Students from Cambodia,2018,
730,Asia: Students from Cambodia,2019,
731,Asia: Students from Cambodia,2020,
732,Europe: Students from Andorra,2015,
733,Europe: Students from Andorra,2016,
734,Europe: Students from Andorra,2017,
735,Europe: Students from Andorra,2018,
736,Europe: Students from Andorra,2019,
737,Europe: Students from Andorra,2020,
738,Asia: Students from the Syrian Arab Republic,2015,623.0
739,Asia: Students from the Syrian Arab Republic,2016,501.0
740,Asia: Students from the Syrian Arab Republic,2017,444.0
741,Asia: Students from the Syrian Arab Republic,2018,438.0
742,Asia: Students from the Syrian Arab Republic,2019,415.0
743,Asia: Students from the Syrian Arab Republic,2020,402.0
744,Asia: Students from Palestine,2015,351.0
745,Asia: Students from Palestine,2016,347.0
746,Asia: Students from Palestine,2017,377.0
747,Asia: Students from Palestine,2018,430.0
748,Asia: Students from Palestine,2019,527.0
749,Asia: Students from Palestine,2020,471.0
750,Asia: Students from Turkmenistan,2015,13485.0
751,Asia: Students from Turkmenistan,2016,9979.0
752,Asia: Students from Turkmenistan,2017,6291.0
753,Asia: Students from Turkmenistan,2018,3679.0
754,Asia: Students from Turkmenistan,2019,3817.0
755,Asia: Students from Turkmenistan,2020,4304.0
756,Europe: Students from Germany,2015,60.0
757,Europe: Students from Germany,2016,59.0
758,Europe: Students from Germany,2017,78.0
759,Europe: Students from Germany,2018,100.0
760,Europe: Students from Germany,2019,98.0
761,Europe: Students from Germany,2020,125.0
762,Asia: Students from Malaysia,2015,2.0
763,Asia: Students from Malaysia,2016,3.0
764,Asia: Students from Malaysia,2017,1.0
765,Asia: Students from Malaysia,2018,
766,Asia: Students from Malaysia,2019,1.0
767,Asia: Students from Malaysia,2020,1.0
768,Asia: Students from India,2015,3925.0
769,Asia: Students from India,2016,4773.0
770,Asia: Students from India,2017,5885.0
771,Asia: Students from India,2018,7669.0
772,Asia: Students from India,2019,10698.0
773,Asia: Students from India,2020,14383.0
774,Europe: Students from Bosnia and Herzegovina,2015,
775,Europe: Students from Bosnia and Herzegovina,2016,
776,Europe: Students from Bosnia and Herzegovina,2017,1.0
777,Europe: Students from Bosnia and Herzegovina,2018,
778,Europe: Students from Bosnia and Herzegovina,2019,
779,Europe: Students from Bosnia and Herzegovina,2020,
780,Asia: Students from Georgia,2015,895.0
781,Asia: Students from Georgia,2016,1015.0
782,Asia: Students from Georgia,2017,2605.0
783,Asia: Students from Georgia,2018,2114.0
784,Asia: Students from Georgia,2019,1851.0
785,Asia: Students from Georgia,2020,1499.0
786,Asia: Students from Lebanon,2015,567.0
787,Asia: Students from Lebanon,2016,557.0
788,Asia: Students from Lebanon,2017,594.0
789,Asia: Students from Lebanon,2018,674.0
790,Asia: Students from Lebanon,2019,803.0
791,Asia: Students from Lebanon,2020,862.0
792,Asia: Students from Turkey,2015,1400.0
793,Asia: Students from Turkey,2016,1465.0
794,Asia: Students from Turkey,2017,1427.0
795,Asia: Students from Turkey,2018,1406.0
796,Asia: Students from Turkey,2019,1593.0
797,Asia: Students from Turkey,2020,2284.0
798,Asia: Students from Brunei Darussalam,2015,
799,Asia: Students from Brunei Darussalam,2016,
800,Asia: Students from Brunei Darussalam,2017,
801,Asia: Students from Brunei Darussalam,2018,
802,Asia: Students from Brunei Darussalam,2019,
803,Asia: Students from Brunei Darussalam,2020,
804,Asia: Students from Saudi Arabia,2015,14.0
805,Asia: Students from Saudi Arabia,2016,11.0
806,Asia: Students from Saudi Arabia,2017,14.0
807,Asia: Students from Saudi Arabia,2018,12.0
808,Asia: Students from Saudi Arabia,2019,11.0
809,Asia: Students from Saudi Arabia,2020,31.0
810,Asia: Students from Israel,2015,822.0
811,Asia: Students from Israel,2016,886.0
812,Asia: Students from Israel,2017,1079.0
813,Asia: Students from Israel,2018,1537.0
814,Asia: Students from Israel,2019,2013.0
815,Asia: Students from Israel,2020,2118.0
816,Europe: Students from France,2015,8.0
817,Europe: Students from France,2016,9.0
818,Europe: Students from France,2017,10.0
819,Europe: Students from France,2018,16.0
820,Europe: Students from France,2019,24.0
821,Europe: Students from France,2020,24.0
822,Asia: Students from Pakistan,2015,114.0
823,Asia: Students from Pakistan,2016,96.0
824,Asia: Students from Pakistan,2017,102.0
825,Asia: Students from Pakistan,2018,173.0
826,Asia: Students from Pakistan,2019,246.0
827,Asia: Students from Pakistan,2020,264.0
828,Europe: Students from Albania,2015,5.0
829,Europe: Students from Albania,2016,1.0
830,Europe: Students from Albania,2017,1.0
831,Europe: Students from Albania,2018,
832,Europe: Students from Albania,2019,
833,Europe: Students from Albania,2020,
834,Asia: Students from Bangladesh,2015,48.0
835,Asia: Students from Bangladesh,2016,60.0
836,Asia: Students from Bangladesh,2017,56.0
837,Asia: Students from Bangladesh,2018,75.0
838,Asia: Students from Bangladesh,2019,83.0
839,Asia: Students from Bangladesh,2020,146.0
840,Asia: Students from the Yemen,2015,73.0
841,Asia: Students from the Yemen,2016,87.0
842,Asia: Students from the Yemen,2017,121.0
843,Asia: Students from the Yemen,2018,153.0
844,Asia: Students from the Yemen,2019,164.0
845,Asia: Students from the Yemen,2020,186.0
846,Europe: Students from Hungary,2015,5.0
847,Europe: Students from Hungary,2016,9.0
848,Europe: Students from Hungary,2017,10.0
849,Europe: Students from Hungary,2018,6.0
850,Europe: Students from Hungary,2019,14.0
851,Europe: Students from Hungary,2020,16.0
852,Asia: Students from Thailand,2015,2.0
853,Asia: Students from Thailand,2016,1.0
854,Asia: Students from Thailand,2017,1.0
855,Asia: Students from Thailand,2018,1.0
856,Asia: Students from Thailand,2019,1.0
857,Asia: Students from Thailand,2020,3.0
858,Europe: Students from Estonia,2015,2.0
859,Europe: Students from Estonia,2016,4.0
860,Europe: Students from Estonia,2017,4.0
861,Europe: Students from Estonia,2018,4.0
862,Europe: Students from Estonia,2019,4.0
863,Europe: Students from Estonia,2020,7.0
864,Asia: Students from Nepal,2015,41.0
865,Asia: Students from Nepal,2016,36.0
866,Asia: Students from Nepal,2017,37.0
867,Asia: Students from Nepal,2018,13.0
868,Asia: Students from Nepal,2019,5.0
869,Asia: Students from Nepal,2020,7.0
870,Asia: Students from Kyrgyzstan,2015,21.0
871,Asia: Students from Kyrgyzstan,2016,11.0
872,Asia: Students from Kyrgyzstan,2017,11.0
873,Asia: Students from Kyrgyzstan,2018,15.0
874,Asia: Students from Kyrgyzstan,2019,18.0
875,Asia: Students from Kyrgyzstan,2020,18.0
876,Asia: Students from Cyprus,2015,16.0
877,Asia: Students from Cyprus,2016,13.0
878,Asia: Students from Cyprus,2017,12.0
879,Asia: Students from Cyprus,2018,11.0
880,Asia: Students from Cyprus,2019,8.0
881,Asia: Students from Cyprus,2020,6.0
882,Europe: Students from Austria,2015,15.0
883,Europe: Students from Austria,2016,2.0
884,Europe: Students from Austria,2017,2.0
885,Europe: Students from Austria,2018,4.0
886,Europe: Students from Austria,2019,7.0
887,Europe: Students from Austria,2020,9.0
888,Asia: Students from Kuwait,2015,57.0
889,Asia: Students from Kuwait,2016,62.0
890,Asia: Students from Kuwait,2017,77.0
891,Asia: Students from Kuwait,2018,61.0
892,Asia: Students from Kuwait,2019,40.0
893,Asia: Students from Kuwait,2020,36.0
894,Asia: Students from Tajikistan,2015,334.0
895,Asia: Students from Tajikistan,2016,268.0
896,Asia: Students from Tajikistan,2017,210.0
897,Asia: Students from Tajikistan,2018,207.0
898,Asia: Students from Tajikistan,2019,175.0
899,Asia: Students from Tajikistan,2020,106.0
900,Asia: Students from Bahrain,2015,22.0
901,Asia: Students from Bahrain,2016,8.0
902,Asia: Students from Bahrain,2017,7.0
903,Asia: Students from Bahrain,2018,2.0
904,Asia: Students from Bahrain,2019,3.0
905,Asia: Students from Bahrain,2020,4.0
906,Asia: Students from Indonesia,2015,1.0
907,Asia: Students from Indonesia,2016,1.0
908,Asia: Students from Indonesia,2017,2.0
909,Asia: Students from Indonesia,2018,2.0
910,Asia: Students from Indonesia,2019,4.0
911,Asia: Students from Indonesia,2020,2.0
912,Asia: Students from the Philippines,2015,
913,Asia: Students from the Philippines,2016,
914,Asia: Students from the Philippines,2017,1.0
915,Asia: Students from the Philippines,2018,1.0
916,Asia: Students from the Philippines,2019,2.0
917,Asia: Students from the Philippines,2020,3.0
918,Europe: Students from Denmark,2015,5.0
919,Europe: Students from Denmark,2016,4.0
920,Europe: Students from Denmark,2017,5.0
921,Europe: Students from Denmark,2018,7.0
922,Europe: Students from Denmark,2019,10.0
923,Europe: Students from Denmark,2020,5.0
924,Asia: Students from Armenia,2015,431.0
925,Asia: Students from Armenia,2016,46.0
926,Asia: Students from Armenia,2017,73.0
927,Asia: Students from Armenia,2018,61.0
928,Asia: Students from Armenia,2019,82.0
929,Asia: Students from Armenia,2020,60.0
930,Asia: Students from the United Arab Emirates,2015,4.0
931,Asia: Students from the United Arab Emirates,2016,4.0
932,Asia: Students from the United Arab Emirates,2017,9.0
933,Asia: Students from the United Arab Emirates,2018,16.0
934,Asia: Students from the United Arab Emirates,2019,11.0
935,Asia: Students from the United Arab Emirates,2020,19.0
936,Asia: Students from Sri Lanka,2015,64.0
937,Asia: Students from Sri Lanka,2016,63.0
938,Asia: Students from Sri Lanka,2017,38.0
939,Asia: Students from Sri Lanka,2018,25.0
940,Asia: Students from Sri Lanka,2019,17.0
941,Asia: Students from Sri Lanka,2020,17.0
942,Europe: Students from Croatia,2015,5.0
943,Europe: Students from Croatia,2016,6.0
944,Europe: Students from Croatia,2017,4.0
945,Europe: Students from Croatia,2018,7.0
946,Europe: Students from Croatia,2019,8.0
947,Europe: Students from Croatia,2020,3.0
948,Asia: Students from Maldives,2015,37.0
949,Asia: Students from Maldives,2016,40.0
950,Asia: Students from Maldives,2017,32.0
951,Asia: Students from Maldives,2018,42.0
952,Asia: Students from Maldives,2019,42.0
953,Asia: Students from Maldives,2020,56.0
954,Asia: Students from China,2015,1750.0
955,Asia: Students from China,2016,1299.0
956,Asia: Students from China,2017,1252.0
957,Asia: Students from China,2018,1539.0
958,Asia: Students from China,2019,1816.0
959,Asia: Students from China,2020,2601.0
960,Asia: Students from Jordan,2015,1911.0
961,Asia: Students from Jordan,2016,2090.0
962,Asia: Students from Jordan,2017,2075.0
963,Asia: Students from Jordan,2018,1752.0
964,Asia: Students from Jordan,2019,1895.0
965,Asia: Students from Jordan,2020,1526.0
966,Europe: Students from the United Kingdom,2015,43.0
967,Europe: Students from the United Kingdom,2016,44.0
968,Europe: Students from the United Kingdom,2017,42.0
969,Europe: Students from the United Kingdom,2018,42.0
970,Europe: Students from the United Kingdom,2019,63.0
971,Europe: Students from the United Kingdom,2020,85.0
972,Oceania: Students from unknown countries,2015,
973,Oceania: Students from unknown countries,2016,
974,Oceania: Students from unknown countries,2017,
975,Oceania: Students from unknown countries,2018,
976,Oceania: Students from unknown countries,2019,
977,Oceania: Students from unknown countries,2020,
978,Europe: Students from Malta,2015,
979,Europe: Students from Malta,2016,
980,Europe: Students from Malta,2017,1.0
981,Europe: Students from Malta,2018,
982,Europe: Students from Malta,2019,
983,Europe: Students from Malta,2020,
984,Oceania: Students from Papua New Guinea,2015,
985,Oceania: Students from Papua New Guinea,2016,
986,Oceania: Students from Papua New Guinea,2017,
987,Oceania: Students from Papua New Guinea,2018,
988,Oceania: Students from Papua New Guinea,2019,
989,Oceania: Students from Papua New Guinea,2020,
990,Europe: Students from Iceland,2015,
991,Europe: Students from Iceland,2016,
992,Europe: Students from Iceland,2017,1.0
993,Europe: Students from Iceland,2018,1.0
994,Europe: Students from Iceland,2019,1.0
995,Europe: Students from Iceland,2020,2.0
996,Europe: Students from Slovakia,2015,5.0
997,Europe: Students from Slovakia,2016,16.0
998,Europe: Students from Slovakia,2017,41.0
999,Europe: Students from Slovakia,2018,30.0
1000,Europe: Students from Slovakia,2019,41.0
1001,Europe: Students from Slovakia,2020,74.0
1002,Europe: Students from North Macedonia,2015,2.0
1003,Europe: Students from North Macedonia,2016,3.0
1004,Europe: Students from North Macedonia,2017,29.0
1005,Europe: Students from North Macedonia,2018,5.0
1006,Europe: Students from North Macedonia,2019,4.0
1007,Europe: Students from North Macedonia,2020,1.0
1008,Europe: Students from Poland,2015,689.0
1009,Europe: Students from Poland,2016,672.0
1010,Europe: Students from Poland,2017,718.0
1011,Europe: Students from Poland,2018,678.0
1012,Europe: Students from Poland,2019,695.0
1013,Europe: Students from Poland,2020,558.0
1014,Europe: Students from San Marino,2015,
1015,Europe: Students from San Marino,2016,
1016,Europe: Students from San Marino,2017,
1017,Europe: Students from San Marino,2018,
1018,Europe: Students from San Marino,2019,
1019,Europe: Students from San Marino,2020,
1020,Europe: Students from Lithuania,2015,48.0
1021,Europe: Students from Lithuania,2016,10.0
1022,Europe: Students from Lithuania,2017,14.0
1023,Europe: Students from Lithuania,2018,17.0
1024,Europe: Students from Lithuania,2019,18.0
1025,Europe: Students from Lithuania,2020,15.0
1026,Oceania: Students from Tuvalu,2015,1.0
1027,Oceania: Students from Tuvalu,2016,
1028,Oceania: Students from Tuvalu,2017,4.0
1029,Oceania: Students from Tuvalu,2018,
1030,Oceania: Students from Tuvalu,2019,
1031,Oceania: Students from Tuvalu,2020,
1032,Oceania: Students from Kiribati,2015,
1033,Oceania: Students from Kiribati,2016,
1034,Oceania: Students from Kiribati,2017,
1035,Oceania: Students from Kiribati,2018,
1036,Oceania: Students from Kiribati,2019,
1037,Oceania: Students from Kiribati,2020,
1038,Europe: Students from Switzerland,2015,3.0
1039,Europe: Students from Switzerland,2016,2.0
1040,Europe: Students from Switzerland,2017,4.0
1041,Europe: Students from Switzerland,2018,7.0
1042,Europe: Students from Switzerland,2019,5.0
1043,Europe: Students from Switzerland,2020,6.0
1044,Oceania: Students from Tonga,2015,
1045,Oceania: Students from Tonga,2016,
1046,Oceania: Students from Tonga,2017,
1047,Oceania: Students from Tonga,2018,
1048,Oceania: Students from Tonga,2019,
1049,Oceania: Students from Tonga,2020,
1050,Europe: Students from Liechtenstein,2015,
1051,Europe: Students from Liechtenstein,2016,
1052,Europe: Students from Liechtenstein,2017,
1053,Europe: Students from Liechtenstein,2018,
1054,Europe: Students from Liechtenstein,2019,
1055,Europe: Students from Liechtenstein,2020,
1056,Europe: Students from the Russian Federation,2015,1814.0
1057,Europe: Students from the Russian Federation,2016,1509.0
1058,Europe: Students from the Russian Federation,2017,1114.0
1059,Europe: Students from the Russian Federation,2018,783.0
1060,Europe: Students from the Russian Federation,2019,657.0
1061,Europe: Students from the Russian Federation,2020,623.0
1062,Oceania: Students from New Zealand,2015,1.0
1063,Oceania: Students from New Zealand,2016,
1064,Oceania: Students from New Zealand,2017,2.0
1065,Oceania: Students from New Zealand,2018,2.0
1066,Oceania: Students from New Zealand,2019,1.0
1067,Oceania: Students from New Zealand,2020,8.0
1068,Oceania: Students from the Federated States of Micronesia,2015,
1069,Oceania: Students from the Federated States of Micronesia,2016,
1070,Oceania: Students from the Federated States of Micronesia,2017,
1071,Oceania: Students from the Federated States of Micronesia,2018,
1072,Oceania: Students from the Federated States of Micronesia,2019,
1073,Oceania: Students from the Federated States of Micronesia,2020,
1074,Europe: Students from Montenegro,2015,2.0
1075,Europe: Students from Montenegro,2016,2.0
1076,Europe: Students from Montenegro,2017,3.0
1077,Europe: Students from Montenegro,2018,1.0
1078,Europe: Students from Montenegro,2019,1.0
1079,Europe: Students from Montenegro,2020,1.0
1080,Europe: Students from Spain,2015,14.0
1081,Europe: Students from Spain,2016,12.0
1082,Europe: Students from Spain,2017,17.0
1083,Europe: Students from Spain,2018,16.0
1084,Europe: Students from Spain,2019,17.0
1085,Europe: Students from Spain,2020,18.0
1086,Europe: Students from the Republic of Moldova,2015,763.0
1087,Europe: Students from the Republic of Moldova,2016,630.0
1088,Europe: Students from the Republic of Moldova,2017,875.0
1089,Europe: Students from the Republic of Moldova,2018,694.0
1090,Europe: Students from the Republic of Moldova,2019,648.0
1091,Europe: Students from the Republic of Moldova,2020,301.0
1092,Europe: Students from Italy,2015,20.0
1093,Europe: Students from Italy,2016,22.0
1094,Europe: Students from Italy,2017,22.0
1095,Europe: Students from Italy,2018,20.0
1096,Europe: Students from Italy,2019,13.0
1097,Europe: Students from Italy,2020,18.0
1098,Oceania: Students from the Solomon Islands,2015,
1099,Oceania: Students from the Solomon Islands,2016,
1100,Oceania: Students from the Solomon Islands,2017,
1101,Oceania: Students from the Solomon Islands,2018,
1102,Oceania: Students from the Solomon Islands,2019,
1103,Oceania: Students from the Solomon Islands,2020,
1104,Oceania: Students from Australia,2015,2.0
1105,Oceania: Students from Australia,2016,2.0
1106,Oceania: Students from Australia,2017,1.0
1107,Oceania: Students from Australia,2018,4.0
1108,Oceania: Students from Australia,2019,2.0
1109,Oceania: Students from Australia,2020,7.0
1110,Europe: Students from Slovenia,2015,1.0
1111,Europe: Students from Slovenia,2016,1.0
1112,Europe: Students from Slovenia,2017,2.0
1113,Europe: Students from Slovenia,2018,1.0
1114,Europe: Students from Slovenia,2019,
1115,Europe: Students from Slovenia,2020,2.0
1116,Oceania: Students from Samoa,2015,
1117,Oceania: Students from Samoa,2016,
1118,Oceania: Students from Samoa,2017,
1119,Oceania: Students from Samoa,2018,
1120,Oceania: Students from Samoa,2019,
1121,Oceania: Students from Samoa,2020,1.0
1122,Oceania: Students from Vanuatu,2015,
1123,Oceania: Students from Vanuatu,2016,
1124,Oceania: Students from Vanuatu,2017,
1125,Oceania: Students from Vanuatu,2018,
1126,Oceania: Students from Vanuatu,2019,
1127,Oceania: Students from Vanuatu,2020,
1128,Europe: Students from Portugal,2015,5.0
1129,Europe: Students from Portugal,2016,6.0
1130,Europe: Students from Portugal,2017,8.0
1131,Europe: Students from Portugal,2018,9.0
1132,Europe: Students from Portugal,2019,10.0
1133,Europe: Students from Portugal,2020,10.0
1134,Oceania: Students from the Marshall Islands,2015,
1135,Oceania: Students from the Marshall Islands,2016,
1136,Oceania: Students from the Marshall Islands,2017,
1137,Oceania: Students from the Marshall Islands,2018,
1138,Oceania: Students from the Marshall Islands,2019,
1139,Oceania: Students from the Marshall Islands,2020,1.0
1140,Europe: Students from Ireland,2015,4.0
1141,Europe: Students from Ireland,2016,4.0
1142,Europe: Students from Ireland,2017,4.0
1143,Europe: Students from Ireland,2018,5.0
1144,Europe: Students from Ireland,2019,9.0
1145,Europe: Students from Ireland,2020,15.0
1146,Europe: Students from Luxembourg,2015,
1147,Europe: Students from Luxembourg,2016,
1148,Europe: Students from Luxembourg,2017,
1149,Europe: Students from Luxembourg,2018,
1150,Europe: Students from Luxembourg,2019,
1151,Europe: Students from Luxembourg,2020,
1152,Europe: Students from the Ukraine,2015,
1153,Europe: Students from the Ukraine,2016,
1154,Europe: Students from the Ukraine,2017,
1155,Europe: Students from the Ukraine,2018,
1156,Europe: Students from the Ukraine,2019,
1157,Europe: Students from the Ukraine,2020,
1158,Oceania: Students from Fiji,2015,
1159,Oceania: Students from Fiji,2016,
1160,Oceania: Students from Fiji,2017,
1161,Oceania: Students from Fiji,2018,
1162,Oceania: Students from Fiji,2019,
1163,Oceania: Students from Fiji,2020,
1164,Europe: Students from Serbia,2015,9.0
1165,Europe: Students from Serbia,2016,20.0
1166,Europe: Students from Serbia,2017,16.0
1167,Europe: Students from Serbia,2018,12.0
1168,Europe: Students from Serbia,2019,11.0
1169,Europe: Students from Serbia,2020,8.0
1170,Europe: Students from Norway,2015,6.0
1171,Europe: Students from Norway,2016,4.0
1172,Europe: Students from Norway,2017,3.0
1173,Europe: Students from Norway,2018,6.0
1174,Europe: Students from Norway,2019,6.0
1175,Europe: Students from Norway,2020,12.0
1176,Oceania: Students from Palau,2015,
1177,Oceania: Students from Palau,2016,
1178,Oceania: Students from Palau,2017,
1179,Oceania: Students from Palau,2018,
1180,Oceania: Students from Palau,2019,
1181,Oceania: Students from Palau,2020,
1182,Caribbean and Central America: Students from Anguilla,2015,
1183,Caribbean and Central America: Students from Anguilla,2016,
1184,Caribbean and Central America: Students from Anguilla,2017,
1185,Caribbean and Central America: Students from Anguilla,2018,
1186,Caribbean and Central America: Students from Anguilla,2019,
1187,Caribbean and Central America: Students from Anguilla,2020,16.0
1188,Oceania: Students from Niue,2015,
1189,Oceania: Students from Niue,2016,
1190,Oceania: Students from Niue,2017,
1191,Oceania: Students from Niue,2018,
1192,Oceania: Students from Niue,2019,
1193,Oceania: Students from Niue,2020,
1194,Oceania: Students from Tokelau,2015,
1195,Oceania: Students from Tokelau,2016,
1196,Oceania: Students from Tokelau,2017,
1197,Oceania: Students from Tokelau,2018,
1198,Oceania: Students from Tokelau,2019,
1199,Oceania: Students from Tokelau,2020,
1200,Caribbean and Central America: Students from the Cayman Islands,2015,
1201,Caribbean and Central America: Students from the Cayman Islands,2016,
1202,Caribbean and Central America: Students from the Cayman Islands,2017,
1203,Caribbean and Central America: Students from the Cayman Islands,2018,
1204,Caribbean and Central America: Students from the Cayman Islands,2019,
1205,Caribbean and Central America: Students from the Cayman Islands,2020,
1206,Europe: Students from the Netherlands,2015,6.0
1207,Europe: Students from the Netherlands,2016,4.0
1208,Europe: Students from the Netherlands,2017,5.0
1209,Europe: Students from the Netherlands,2018,6.0
1210,Europe: Students from the Netherlands,2019,6.0
1211,Europe: Students from the Netherlands,2020,12.0
1212,Oceania: Students from the Cook Islands,2015,
1213,Oceania: Students from the Cook Islands,2016,
1214,Oceania: Students from the Cook Islands,2017,
1215,Oceania: Students from the Cook Islands,2018,
1216,Oceania: Students from the Cook Islands,2019,
1217,Oceania: Students from the Cook Islands,2020,
1218,Europe: Students from Latvia,2015,18.0
1219,Europe: Students from Latvia,2016,11.0
1220,Europe: Students from Latvia,2017,19.0
1221,Europe: Students from Latvia,2018,24.0
1222,Europe: Students from Latvia,2019,12.0
1223,Europe: Students from Latvia,2020,11.0
1224,Europe: Students from Sweden,2015,17.0
1225,Europe: Students from Sweden,2016,21.0
1226,Europe: Students from Sweden,2017,31.0
1227,Europe: Students from Sweden,2018,38.0
1228,Europe: Students from Sweden,2019,38.0
1229,Europe: Students from Sweden,2020,54.0
1230,Caribbean and Central America: Students from Montserrat,2015,
1231,Caribbean and Central America: Students from Montserrat,2016,
1232,Caribbean and Central America: Students from Montserrat,2017,
1233,Caribbean and Central America: Students from Montserrat,2018,
1234,Caribbean and Central America: Students from Montserrat,2019,
1235,Caribbean and Central America: Students from Montserrat,2020,
1236,Europe: Students from unknown countries,2015,
1237,Europe: Students from unknown countries,2016,
1238,Europe: Students from unknown countries,2017,4.0
1239,Europe: Students from unknown countries,2018,
1240,Europe: Students from unknown countries,2019,
1241,Europe: Students from unknown countries,2020,
1242,Europe: Students from Gibraltar,2015,
1243,Europe: Students from Gibraltar,2016,
1244,Europe: Students from Gibraltar,2017,
1245,Europe: Students from Gibraltar,2018,
1246,Europe: Students from Gibraltar,2019,
1247,Europe: Students from Gibraltar,2020,
1248,Europe: Students from Romania,2015,5.0
1249,Europe: Students from Romania,2016,6.0
1250,Europe: Students from Romania,2017,11.0
1251,Europe: Students from Romania,2018,11.0
1252,Europe: Students from Romania,2019,7.0
1253,Europe: Students from Romania,2020,8.0
1254,Europe: Students from Monaco,2015,1.0
1255,Europe: Students from Monaco,2016,
1256,Europe: Students from Monaco,2017,4.0
1257,Europe: Students from Monaco,2018,
1258,Europe: Students from Monaco,2019,
1259,Europe: Students from Monaco,2020,4.0
1260,Oceania: Students from Nauru,2015,
1261,Oceania: Students from Nauru,2016,
1262,Oceania: Students from Nauru,2017,
1263,Oceania: Students from Nauru,2018,
1264,Oceania: Students from Nauru,2019,
1265,Oceania: Students from Nauru,2020,
1266,Africa: Students from South Sudan,2015,
1267,Africa: Students from South Sudan,2016,
1268,Africa: Students from South Sudan,2017,
1269,Africa: Students from South Sudan,2018,
1270,Africa: Students from South Sudan,2019,2.0
1271,Africa: Students from South Sudan,2020,
1272,Africa: Students from Sudan,2015,233.0
1273,Africa: Students from Sudan,2016,236.0
1274,Africa: Students from Sudan,2017,246.0
1275,Africa: Students from Sudan,2018,243.0
1276,Africa: Students from Sudan,2019,235.0
1277,Africa: Students from Sudan,2020,246.0
